year,analysis,before,after,excluded,excluded_pct
2023,Adoption,89184,87973,1211,1.3578668819519197
2023,Experience use,89184,66136,23048,25.84320057409401
2023,Experience sentiment,89184,45395,43789,49.09961428058845
2023,Age use,89184,87644,1540,1.726767133118048
2023,Country use,89184,87973,1211,1.3578668819519197
2024,Adoption,65437,60907,4530,6.922688998578786
2024,Experience use,65437,50298,15139,23.135229304521907
2024,Experience sentiment,65437,37968,27469,41.977780154958204
2024,Age use,65437,60630,4807,7.345996913061418
2024,Country use,65437,58443,6994,10.688142793832236
2025,Adoption,49191,33720,15471,31.45087516009026
2025,Experience use,49191,31104,18087,36.76892114411173
2025,Experience sentiment,49191,30899,18292,37.185664044235736
2025,Age use,49191,33523,15668,31.85135492264845
2025,Country use,49191,33720,15471,31.45087516009026
