experience_band,Current user,Not current user,n,year,experience_source
<1 year,53.86710239651416,46.13289760348584,1836,2023,Professional coding
1–5 years,50.603960396039604,49.396039603960396,20200,2023,Professional coding
6–10 years,41.667147057128034,58.33285294287197,17347,2023,Professional coding
11+ years,34.635367996112585,65.36463200388741,26753,2023,Professional coding
<1 year,70.10572366022603,29.894276339773967,2743,2024,Professional coding
1–5 years,69.7589866885592,30.241013311440803,17053,2024,Professional coding
6–10 years,62.206952303961195,37.793047696038805,12370,2024,Professional coding
11+ years,53.12155305537172,46.87844694462828,18132,2024,Professional coding
1–5 years,83.06772908366534,16.93227091633466,8032,2025,Professional work
6–10 years,81.92246261071584,18.07753738928416,6887,2025,Professional work
11+ years,75.70590052517764,24.294099474822367,16185,2025,Professional work
