Feature / family,Source variable(s),Construction,Data type,Purpose,Missing-value behavior,Limitation,Downstream use
SurveyYear,Source release,Assign year during concatenation,int64,Stratify annual samples,Always available,No cross-year person linkage,All year-specific analyses; exports
ai_use_binary / ai_use_h,AISelect,"Exact year map: current=1, noncurrent=0; label binary status",float64 / str,"RQ1–2, RQ5–8: consistent current-use measure",Unanswered stays NA,Frequency lost; plans are noncurrent,§9 use charts; §10 correlation; §11 tests; export
trust_accuracy_h,AIBen (2023); AIAcc (2024–25),Copy year-specific trust field,string,Supporting trust analysis,Source NA retained,"Self-reported trust, not measured accuracy",§9 trust by experience; §12 findings; export
age_h / ordered age view,Age,Keep seven valid bands; ordered categorical view in age chart,string,Supporting age comparison,Refusal and unanswered become NA in age_h; raw Age retained,Broad bands; exclusions may select respondents,§9 age/use charts; complete-case diagnostics
experience_input,YearsCodePro (2023–24); WorkExp (2025),Select source field by year,string,Preserve original experience answer,Source NA retained,2025 blanks mix zero experience and nonresponse,"Parsing, validity and sensitivity; export"
experience_source,SurveyYear / schema,Professional coding (2023–24); Professional work (2025),str,Expose the construct difference,Available for every retained record,Labels do not make constructs identical,Chart titles; grouped tables; export
experience_years,experience_input,Numeric; <1=0.5; >50=51; valid whole years in 0–70,Float64,Within-year experience summaries,"Source NA, failed parses and invalid values -> NA",Boundary approximations and declared range,§9 distributions; §10 correlation; §11 tests; export
experience_band,experience_years,"pd.cut: [0,1), [1,6), [6,11), [11,71)",category,"RQ2, RQ4, RQ7: grouped experience",NA experience -> NA band,Discards within-band variation; coding/work differs,§9 100% stacks; §11 chi-square; export
AISent (harmonized labels),AISent in all three releases,Trim/missing normalization; retain all six observed categories,string,RQ4: full sentiment distribution,Source NA retained,Matching observed labels do not prove identical routing,§9 sentiment stacks; score/binary derivation; export
sentiment_score,AISent,"Very unfavorable=1, Unfavorable=2, Indifferent=3, Favorable=4, Very favorable=5",float64,Ordinal association,Unanswered and Unsure -> NA,Ordering does not establish equal distances,§10 Spearman heatmap/pairs; export
favorable_sentiment,AISent,Favorable/Very favorable=1; other valid categories=0,Int8,RQ4: favorable share with all valid answers,Only unanswered -> NA; Indifferent/Unsure remain 0,"Zero means not classified favorable, not unfavorable; intensity is lost",§9 sentiment summary; §12 findings; export
Tool/model choice indicators (63),Four year/question blocks in TOOL_SOURCE,Semicolon token membership: selected=1; unselected=0,Int8,RQ3: full selection features,Unanswered question or outside source year -> NA,2023 separate search/developer products; 2024 combined products; 2025 models,§9 top-N/mention stacks; export; independent audit
Tool response-status flags (4),Each TOOL_SOURCE question,__answered: source nonmissing=1; unanswered=0,Int8,Distinguish skip from explicit nonselection,Outside source year -> NA; within-year 0 means unanswered,Does not measure whether any AI is used,Indicator validation; export; audit
tool_count,PRIMARY_TOOL: 2023 AIDev; 2024 combined; 2025 models,"Count distinct source tokens, equal to primary choice-indicator sum",float64,Breadth of reported primary-question selections,Unanswered primary question -> NA,Not an identical longitudinal measure,§10 2025 heatmap complete cases; export; audit
Main-role choice indicators (49),DevType,Observed single-choice role: selected=1; other roles=0,Int8,Preserve full role representation,Entire unanswered role question -> NA,Year-specific role lists; no overlapping role membership implied,Export/audit; source DevType supplies §9 RQ5 charts
Role response-status flag (1),DevType,role__answered: answered=1; unanswered=0,Int8,Document role nonresponse,Within all years: 0 records unanswered,Does not indicate absence of a developer role,Export; validation; audit
Experience diagnostic masks,experience_input / parsed,failed_parse; valid_fraction; valid_range; invalid_experience,Nullable boolean,Explain which derived values are excluded,Missing source is distinct from a failed/invalid answer,Analysis rule is not proof that every excluded value is impossible,§6/8 invalid tables; §11 sensitivity
all_years (sensitivity copy),parsed experience_input (2025),Keep nonnegative whole-year values without 70-year cap,Float64,Check robustness to declared upper range,Missing/invalid fraction remains NA,Extreme self-reports are allowed in this sensitivity only,Constructed and used in §11; not a primary field
Country / Bangladesh selection mask,Country,Trim labels; select Country == Bangladesh when needed,string / boolean mask,RQ6: descriptive geographic comparison,Missing country never assigned to Bangladesh,Bangladesh is part of Global; no standalone country score,§9 Bangladesh/global table and chart; export Country
