year,column,missing_n,missing_pct
2023,ResponseId,0,0.0
2023,Q120,0,0.0
2023,MainBranch,0,0.0
2023,Age,0,0.0
2023,Employment,1286,1.441962683889487
2023,RemoteWork,15374,17.238518119842126
2023,CodingActivities,15420,17.29009687836383
2023,EdLevel,1211,1.3578668819519195
2023,LearnCode,1521,1.7054628632938644
2023,LearnCodeOnline,19100,21.416397560100467
2023,LearnCodeCoursesCert,52108,58.427520631503405
2023,YearsCode,1749,1.961114101184069
2023,YearsCodePro,23048,25.843200574094006
2023,DevType,12312,13.805166846071042
2023,OrgSize,24141,27.068756727664155
2023,PurchaseInfluence,24220,27.157337639038392
2023,TechList,28333,31.769151417294584
2023,BuyNewTool,6175,6.923887692859705
2023,Country,1211,1.3578668819519195
2023,Currency,23850,26.742465016146394
2023,CompTotal,40959,45.926399354144245
2023,LanguageHaveWorkedWith,2044,2.2918909221385
2023,LanguageWantToWorkWith,8475,9.502825618945101
2023,DatabaseHaveWorkedWith,15749,17.65899712952996
2023,DatabaseWantToWorkWith,28273,31.701874775744525
2023,PlatformHaveWorkedWith,25556,28.655364190886257
2023,PlatformWantToWorkWith,37876,42.46950125583064
2023,WebframeHaveWorkedWith,22246,24.94393613204162
2023,WebframeWantToWorkWith,32443,36.37760136347327
2023,MiscTechHaveWorkedWith,32165,36.06588625762468
2023,MiscTechWantToWorkWith,42336,47.470398277717976
2023,ToolsTechHaveWorkedWith,11300,12.67043415859347
2023,ToolsTechWantToWorkWith,20869,23.399937208467886
2023,NEWCollabToolsHaveWorkedWith,3320,3.7226408324363116
2023,NEWCollabToolsWantToWorkWith,12535,14.05521169716541
2023,OpSysPersonal use,2627,2.94559562253319
2023,OpSysProfessional use,10597,11.882176175098673
2023,OfficeStackAsyncHaveWorkedWith,20094,22.530947255113023
2023,OfficeStackAsyncWantToWorkWith,35441,39.739190886257624
2023,OfficeStackSyncHaveWorkedWith,5745,6.441738428417654
2023,OfficeStackSyncWantToWorkWith,19408,21.761750986724078
2023,AISearchHaveWorkedWith,32856,36.84068891280947
2023,AISearchWantToWorkWith,43034,48.25304987441694
2023,AIDevHaveWorkedWith,63280,70.95443128812343
2023,AIDevWantToWorkWith,69597,78.03754036598492
2023,NEWSOSites,1211,1.3578668819519195
2023,SOVisitFreq,2044,2.2918909221385
2023,SOAccount,1332,1.4935414424111948
2023,SOPartFreq,23123,25.927296376031578
2023,SOComm,1492,1.672945819878005
2023,SOAI,41234,46.234750627915325
2023,AISelect,1211,1.3578668819519195
2023,AISent,27683,31.040321133835665
2023,AIAcc,50590,56.72542160028705
2023,AIBen,27788,31.158055256548263
2023,AIToolInterested in Using,56401,63.24116433440976
2023,AIToolCurrently Using,53047,59.48040007176175
2023,AIToolNot interested in Using,68115,76.3758073196986
2023,AINextVery different,76523,85.80350735557948
2023,AINextNeither different nor similar,82585,92.60069070685326
2023,AINextSomewhat similar,82946,93.00547183351274
2023,AINextVery similar,86563,97.06113204162182
2023,AINextSomewhat different,65881,73.87087369931827
2023,TBranch,23416,26.255830642267668
2023,ICorPM,45516,51.03606027987083
2023,WorkExp,45605,51.13585396483674
2023,Knowledge_1,46649,52.306467527807676
2023,Knowledge_2,47514,53.27637244348762
2023,Knowledge_3,47386,53.132848941514176
2023,Knowledge_4,47500,53.26067456045928
2023,Knowledge_5,47657,53.436715105848585
2023,Knowledge_6,47664,53.44456404736275
2023,Knowledge_7,47717,53.503991747398636
2023,Knowledge_8,47780,53.5746322210262
2023,Frequency_1,47268,53.0005382131324
2023,Frequency_2,47259,52.990446716899896
2023,Frequency_3,48130,53.967079296734845
2023,TimeSearching,46406,52.033997129529965
2023,TimeAnswering,46555,52.20106745604593
2023,ProfessionalTech,47401,53.14966810190168
2023,Industry,52410,58.76614639397201
2023,SurveyLength,2699,3.026327592393254
2023,SurveyEase,2630,2.9489594546106925
2023,ConvertedCompYearly,41165,46.15738249013276
2024,ResponseId,0,0.0
2024,MainBranch,0,0.0
2024,Age,0,0.0
2024,Employment,0,0.0
2024,RemoteWork,10631,16.24616042911503
2024,Check,0,0.0
2024,CodingActivities,10971,16.765744150862663
2024,EdLevel,4653,7.110656050858077
2024,LearnCode,4949,7.5629995262619
2024,LearnCodeOnline,16200,24.756636153857908
2024,TechDoc,24540,37.50171921084402
2024,YearsCode,5568,8.508947537325978
2024,YearsCodePro,13827,21.130247413542797
2024,DevType,5992,9.156899002093617
2024,OrgSize,17957,27.44166144535966
2024,PurchaseInfluence,18031,27.554747314210616
2024,BuyNewTool,20256,30.954964316823812
2024,BuildvsBuy,22079,33.74084997784128
2024,TechEndorse,21769,33.267111878600794
2024,Country,6507,9.943915521799592
2024,Currency,18753,28.65809862921589
2024,CompTotal,31697,48.43895655363174
2024,LanguageHaveWorkedWith,5692,8.698442777022173
2024,LanguageWantToWorkWith,9685,14.800495132723077
2024,LanguageAdmired,14565,22.258049727218545
2024,DatabaseHaveWorkedWith,15183,23.202469550865718
2024,DatabaseWantToWorkWith,22879,34.96339991136513
2024,DatabaseAdmired,26880,41.07767776640127
2024,PlatformHaveWorkedWith,23071,35.256811895410856
2024,PlatformWantToWorkWith,30905,47.22863211944313
2024,PlatformAdmired,34060,52.0500634197778
2024,WebframeHaveWorkedWith,20276,30.985528065161912
2024,WebframeWantToWorkWith,26902,41.11129788957318
2024,WebframeAdmired,30494,46.60054709109525
2024,EmbeddedHaveWorkedWith,43223,66.05284472087656
2024,EmbeddedWantToWorkWith,47837,73.10390146247536
2024,EmbeddedAdmired,48704,74.42883995293182
2024,MiscTechHaveWorkedWith,25994,39.72370371502361
2024,MiscTechWantToWorkWith,32473,49.62482998914987
2024,MiscTechAdmired,35841,54.77176520928526
2024,ToolsTechHaveWorkedWith,12955,19.797667986001805
2024,ToolsTechWantToWorkWith,19353,29.57501107935877
2024,ToolsTechAdmired,21440,32.76433821843911
2024,NEWCollabToolsHaveWorkedWith,7845,11.988630285618228
2024,NEWCollabToolsWantToWorkWith,13350,20.401302015679203
2024,NEWCollabToolsAdmired,14726,22.50408790134022
2024,OpSysPersonal use,7263,11.099225208979629
2024,OpSysProfessional use,12464,19.04732796430154
2024,OfficeStackAsyncHaveWorkedWith,17344,26.50488255879701
2024,OfficeStackAsyncWantToWorkWith,26471,40.45264911288721
2024,OfficeStackAsyncAdmired,28233,43.14531534147348
2024,OfficeStackSyncHaveWorkedWith,9892,15.116829928022375
2024,OfficeStackSyncWantToWorkWith,18726,28.616837568959458
2024,OfficeStackSyncAdmired,20725,31.67168421535217
2024,AISearchDevHaveWorkedWith,20984,32.067484756330515
2024,AISearchDevWantToWorkWith,28736,43.9139936121766
2024,AISearchDevAdmired,29894,45.68363464095236
2024,NEWSOSites,5151,7.871693384476671
2024,SOVisitFreq,5901,9.01783394715528
2024,SOAccount,5877,8.981157449149563
2024,SOPartFreq,20200,30.869385821477145
2024,SOHow,6475,9.89501352445864
2024,SOComm,6274,9.587847853660774
2024,AISelect,4530,6.922688998578785
2024,AISent,19564,29.897458624325683
2024,AIBen,28543,43.61905344071397
2024,AIAcc,28135,42.99555297461681
2024,AIComplex,28416,43.42497363876706
2024,AIToolCurrently Using,30365,46.40341091431453
2024,AIToolInterested in Using,34746,53.0983999877745
2024,AIToolNot interested in Using,41023,62.690832403685995
2024,AINextMuch more integrated,51999,79.46421749163318
2024,AINextNo change,52939,80.90071366352369
2024,AINextMore integrated,41009,62.669437779849325
2024,AINextLess integrated,63082,96.40111863318917
2024,AINextMuch less integrated,64289,98.24564084539328
2024,AIThreat,20748,31.706832525940982
2024,AIEthics,23889,36.506869202438985
2024,AIChallenges,27906,42.64559805614561
2024,TBranch,20960,32.0308082583248
2024,ICorPM,35636,54.45848678881978
2024,WorkExp,35779,54.67701758943717
2024,Knowledge_1,36773,56.196035881840544
2024,Knowledge_2,37416,57.17866039091034
2024,Knowledge_3,37342,57.06557452205938
2024,Knowledge_4,37407,57.164906704158206
2024,Knowledge_5,37557,57.39413481669392
2024,Knowledge_6,37573,57.418585815364395
2024,Knowledge_7,37659,57.550009933218206
2024,Knowledge_8,37679,57.5805736815563
2024,Knowledge_9,37802,57.76854073383559
2024,Frequency_1,37068,56.64685116982747
2024,Frequency_2,37073,56.65449210691199
2024,Frequency_3,37727,57.65392667756773
2024,TimeSearching,36526,55.81857358986506
2024,TimeAnswering,36593,55.920962146797685
2024,Frustration,37186,56.82717728502224
2024,ProfessionalTech,37673,57.571404557054876
2024,ProfessionalCloud,36946,56.46041230496508
2024,ProfessionalQuestion,36630,55.977505081223164
2024,Industry,36579,55.899567522961014
2024,JobSatPoints_1,36113,55.187432186683374
2024,JobSatPoints_4,36044,55.08198725491694
2024,JobSatPoints_5,36026,55.054479881412654
2024,JobSatPoints_6,35987,54.99488057215337
2024,JobSatPoints_7,35989,54.99793694698718
2024,JobSatPoints_8,35981,54.985711447651944
2024,JobSatPoints_9,35981,54.985711447651944
2024,JobSatPoints_10,35987,54.99488057215337
2024,JobSatPoints_11,35992,55.00252150923789
2024,SurveyLength,9255,14.14337454345401
2024,SurveyEase,9199,14.05779604810734
2024,ConvertedCompYearly,42002,64.1869278848358
2024,JobSat,36311,55.490013295230526
2025,ResponseId,0,0.0
2025,MainBranch,0,0.0
2025,Age,0,0.0
2025,EdLevel,1042,2.118273667947389
2025,Employment,852,1.7320241507592853
2025,EmploymentAddl,4316,8.773962716757131
2025,WorkExp,6298,12.803155048687767
2025,LearnCodeChoose,2333,4.7427374926307655
2025,LearnCode,15635,31.784269480189465
2025,LearnCodeAI,3990,8.111239860950175
2025,AILearnHow,20934,42.5565652253461
2025,YearsCode,6149,12.500254111524466
2025,DevType,5511,11.20326889065073
2025,OrgSize,15013,30.519810534447355
2025,ICorPM,15948,32.420564737451976
2025,RemoteWork,15411,31.32890162834665
2025,PurchaseInfluence,11754,23.89461486857352
2025,TechEndorseIntro,11635,23.65270069728202
2025,TechEndorse_1,13216,26.866703258726186
2025,TechEndorse_2,13216,26.866703258726186
2025,TechEndorse_3,13216,26.866703258726186
2025,TechEndorse_4,13216,26.866703258726186
2025,TechEndorse_5,13216,26.866703258726186
2025,TechEndorse_6,13216,26.866703258726186
2025,TechEndorse_7,13216,26.866703258726186
2025,TechEndorse_8,13216,26.866703258726186
2025,TechEndorse_9,13216,26.866703258726186
2025,TechEndorse_13,13216,26.866703258726186
2025,TechEndorse_13_TEXT,47178,95.90778801000182
2025,TechOppose_1,14932,30.35514626659348
2025,TechOppose_2,14932,30.35514626659348
2025,TechOppose_3,14932,30.35514626659348
2025,TechOppose_5,14932,30.35514626659348
2025,TechOppose_7,14932,30.35514626659348
2025,TechOppose_9,14932,30.35514626659348
2025,TechOppose_11,14932,30.35514626659348
2025,TechOppose_13,14932,30.35514626659348
2025,TechOppose_16,14932,30.35514626659348
2025,TechOppose_15,14932,30.35514626659348
2025,TechOppose_15_TEXT,47538,96.63962920046349
2025,Industry,15549,31.609440751356953
2025,JobSatPoints_1,24248,49.293569961984915
2025,JobSatPoints_2,24248,49.293569961984915
2025,JobSatPoints_3,24248,49.293569961984915
2025,JobSatPoints_4,24248,49.293569961984915
2025,JobSatPoints_5,24248,49.293569961984915
2025,JobSatPoints_6,24248,49.293569961984915
2025,JobSatPoints_7,24248,49.293569961984915
2025,JobSatPoints_8,24248,49.293569961984915
2025,JobSatPoints_9,24248,49.293569961984915
2025,JobSatPoints_10,24248,49.293569961984915
2025,JobSatPoints_11,24248,49.293569961984915
2025,JobSatPoints_13,24248,49.293569961984915
2025,JobSatPoints_14,24248,49.293569961984915
2025,JobSatPoints_15,24248,49.293569961984915
2025,JobSatPoints_16,24248,49.293569961984915
2025,JobSatPoints_15_TEXT,48526,98.64812668984165
2025,AIThreat,13113,26.657315362566326
2025,NewRole,13664,27.77743896241182
2025,ToolCountWork,21580,43.86981358378565
2025,ToolCountPersonal,23609,47.99455184891545
2025,Country,13754,27.96039926002724
2025,Currency,13754,27.96039926002724
2025,CompTotal,24325,49.45010266105589
2025,LanguageChoice,16977,34.512410806854916
2025,LanguageHaveWorkedWith,17520,35.6162712691346
2025,LanguageWantToWorkWith,22112,44.95131223191235
2025,LanguageAdmired,25721,52.288020166290586
2025,LanguagesHaveEntry,45208,91.90299038441991
2025,LanguagesWantEntry,46041,93.5963895834604
2025,DatabaseChoice,17503,35.58171210180724
2025,DatabaseHaveWorkedWith,23641,48.05960439917871
2025,DatabaseWantToWorkWith,29458,59.88493830172186
2025,DatabaseAdmired,31896,64.84112947490395
2025,DatabaseHaveEntry,47038,95.62318310260008
2025,DatabaseWantEntry,47657,96.881543371755
2025,PlatformChoice,17929,36.447724177186885
2025,PlatformHaveWorkedWith,24933,50.68610111605781
2025,PlatformWantToWorkWith,29776,60.531398019963
2025,PlatformAdmired,31369,63.76979528775589
2025,PlatformHaveEntry,45233,91.95381268931308
2025,PlatformWantEntry,46090,93.696001301051
2025,WebframeChoice,17998,36.587993738692035
2025,WebframeHaveWorkedWith,26199,53.25974263584802
2025,WebframeWantToWorkWith,31552,64.1418145595739
2025,WebframeAdmired,33482,68.06529649732674
2025,WebframeHaveEntry,45893,93.2955215384928
2025,WebframeWantEntry,46558,94.64739484865117
2025,DevEnvsChoice,18112,36.819743449004896
2025,DevEnvsHaveWorkedWith,23172,47.10617795938281
2025,DevEnvsWantToWorkWith,28577,58.09396027728649
2025,DevEnvsAdmired,29699,60.374865320892035
2025,DevEnvHaveEntry,46428,94.38311886320669
2025,DevEnvWantEntry,47077,95.70246589823341
2025,SOTagsHaveWorkedWith,31269,63.5665060681832
2025,SOTagsWantToWorkWith,35604,72.37909373665914
2025,SOTagsAdmired,36951,75.11739952430322
2025,SOTagsHaveEntry,48730,99.06283669776992
2025,SOTagsWant Entry,48758,99.11975767925027
2025,OpSysPersonal use,17774,36.13262588684922
2025,OpSysProfessional use,20308,41.283974710821084
2025,OfficeStackAsyncHaveWorkedWith,19333,39.3019048199874
2025,OfficeStackAsyncWantToWorkWith,25985,52.82470370596247
2025,OfficeStackAsyncAdmired,26983,54.85353011729788
2025,OfficeStackHaveEntry,46598,94.72871053648025
2025,OfficeStackWantEntry,47570,96.70468175072676
2025,CommPlatformHaveWorkedWith,19126,38.881096135471935
2025,CommPlatformWantToWorkWith,25840,52.52993433758208
2025,CommPlatformAdmired,26314,53.49352523835661
2025,CommPlatformHaveEntr,47710,96.98928665812852
2025,CommPlatformWantEntr,48002,97.58289117928076
2025,AIModelsChoice,18952,38.52737289341546
2025,AIModelsHaveWorkedWith,32910,66.90248216137098
2025,AIModelsWantToWorkWith,37346,75.92039194161534
2025,AIModelsAdmired,37907,77.0608444634181
2025,AIModelsHaveEntry,48412,98.41637697952878
2025,AIModelsWantEntry,48713,99.02827753044257
2025,SOAccount,16394,33.32723465674615
2025,SOVisitFreq,16481,33.504096277774394
2025,SODuration,16564,33.67282633001972
2025,SOPartFreq,16963,34.483950316114736
2025,SO_Dev_Content,26355,53.57687381838141
2025,SO_Actions_1,22931,46.61625094021264
2025,SO_Actions_16,24851,50.51940395600821
2025,SO_Actions_3,22931,46.61625094021264
2025,SO_Actions_4,22931,46.61625094021264
2025,SO_Actions_5,22931,46.61625094021264
2025,SO_Actions_6,22931,46.61625094021264
2025,SO_Actions_9,22931,46.61625094021264
2025,SO_Actions_7,22931,46.61625094021264
2025,SO_Actions_10,22931,46.61625094021264
2025,SO_Actions_15,22931,46.61625094021264
2025,SO_Actions_15_TEXT,48365,98.32083104632962
2025,SOComm,17485,35.545120042284154
2025,SOFriction,18404,37.41334797015714
2025,AISelect,15471,31.45087516009026
2025,AISent,15724,31.965196885609153
2025,AIAcc,15894,32.31078855888273
2025,AIComplex,15908,32.3392490496229
2025,AIToolCurrently partially AI,28163,57.25234290825557
2025,AIToolDon't plan to use AI for this task,23810,48.403163180256556
2025,AIToolPlan to partially use AI,26635,54.14608363318493
2025,AIToolPlan to mostly use AI,36373,73.9423878351731
2025,AIToolCurrently mostly AI,37966,77.18078510296598
2025,AIFrustration,17669,35.9191722062979
2025,AIExplain,22604,45.951495192209954
2025,AIAgents,17272,35.11211400459434
2025,AIAgentChange,17513,35.60204102376451
2025,AIAgent_Uses,36871,74.95476814864507
2025,AgentUsesGeneral,43386,88.19906080380558
2025,AIAgentImpactSomewhat agree,39045,79.37427578215527
2025,AIAgentImpactNeutral,39516,80.33176800634261
2025,AIAgentImpactSomewhat disagree,43400,88.22752129454575
2025,AIAgentImpactStrongly agree,42504,86.40604988717449
2025,AIAgentImpactStrongly disagree,45412,92.31770039234819
2025,AIAgentChallengesNeutral,27896,56.70956069199651
2025,AIAgentChallengesSomewhat disagree,37066,75.3511821268118
2025,AIAgentChallengesStrongly agree,26083,53.0239271411437
2025,AIAgentChallengesSomewhat agree,27244,55.38411498038259
2025,AIAgentChallengesStrongly disagree,39877,81.06564208900002
2025,AIAgentKnowledge,45790,93.08613364233295
2025,AIAgentKnowWrite,48424,98.4407716858775
2025,AIAgentOrchestration,45431,92.356325344067
2025,AIAgentOrchWrite,48711,99.02421174605111
2025,AIAgentObserveSecure,46499,94.5274542091033
2025,AIAgentObsWrite,48921,99.45111910715376
2025,AIAgentExternal,40859,83.0619422252038
2025,AIAgentExtWrite,48330,98.24967981947917
2025,AIHuman,19997,40.65174523795003
2025,AIOpen,26639,54.15421520196784
2025,ConvertedCompYearly,25244,51.31833058892887
2025,JobSat,22521,45.782765139964624
