DevType,n,rate,current_use_pct,year
"Developer, full-stack",25735,0.4785700408004663,47.85700408004663,2023
"Developer, back-end",13745,0.4000727537286286,40.007275372862864,2023
"Developer, front-end",5071,0.5170577795306646,51.70577795306646,2023
"Developer, desktop or enterprise applications",3904,0.27843237704918034,27.84323770491803,2023
Other (please specify):,3080,0.3964285714285714,39.64285714285714,2023
"Developer, mobile",2597,0.43357720446669235,43.357720446669234,2023
Engineering manager,2033,0.4048204623708805,40.48204623708805,2023
Student,1996,0.5541082164328658,55.41082164328658,2023
"Developer, embedded applications or devices",1845,0.2634146341463415,26.34146341463415,2023
Data scientist or machine learning specialist,1588,0.6001259445843828,60.012594458438286,2023
"Developer, full-stack",17847,0.652994901103827,65.29949011038269,2024
"Developer, back-end",9680,0.6197314049586777,61.973140495867774,2024
Student,5030,0.6151093439363817,61.51093439363817,2024
"Developer, front-end",3248,0.6905788177339901,69.057881773399,2024
"Developer, desktop or enterprise applications",2445,0.4498977505112474,44.989775051124745,2024
Other (please specify):,2416,0.5132450331125827,51.324503311258276,2024
"Developer, mobile",1968,0.6519308943089431,65.19308943089432,2024
"Developer, embedded applications or devices",1590,0.4345911949685535,43.45911949685535,2024
Engineering manager,1253,0.6249002394253791,62.49002394253791,2024
Academic researcher,1199,0.5779816513761468,57.798165137614674,2024
"Developer, full-stack",9554,0.8244714255809085,82.44714255809085,2025
"Developer, back-end",4936,0.8123987034035657,81.23987034035657,2025
Student,2265,0.7280353200883002,72.80353200883002,2025
"Architect, software or solutions",2152,0.8229553903345725,82.29553903345726,2025
"Developer, desktop or enterprise applications",1554,0.6846846846846847,68.46846846846847,2025
"Developer, front-end",1484,0.8685983827493261,86.85983827493261,2025
Other (please specify):,1379,0.6707759245830311,67.07759245830312,2025
"Developer, mobile",1045,0.8535885167464115,85.35885167464114,2025
"Developer, embedded applications or devices",1016,0.6515748031496063,65.15748031496062,2025
Academic researcher,872,0.6903669724770642,69.03669724770643,2025
